Type,Name,Request Count,Failure Count,Median Response Time,Average Response Time,Min Response Time,Max Response Time,Average Content Size,Requests/s,Failures/s,50%,66%,75%,80%,90%,95%,98%,99%,99.9%,99.99%,100%
GET,/api/assignments,12017,0,330.0,380.58707433394557,16.708588000255986,13983.184337999774,589.0,631.650543556729,0.0,330,370,390,400,420,440,450,2600,12000,14000,14000
,Aggregated,12017,0,330.0,380.58707433394557,16.708588000255986,13983.184337999774,589.0,631.650543556729,0.0,330,370,390,400,420,440,450,2600,12000,14000,14000
