Type,Name,Request Count,Failure Count,Median Response Time,Average Response Time,Min Response Time,Max Response Time,Average Content Size,Requests/s,Failures/s,50%,66%,75%,80%,90%,95%,98%,99%,99.9%,99.99%,100%
GET,/api/assignments,20132,0,54,256.09718897416735,18.362409999099327,9172.25647199939,589.0,1051.0776739815178,0.0,54,82,650,670,690,710,740,750,4800,8600,9200
,Aggregated,20132,0,54,256.09718897416735,18.362409999099327,9172.25647199939,589.0,1051.0776739815178,0.0,54,82,650,670,690,710,740,750,4800,8600,9200
