Type,Name,Request Count,Failure Count,Median Response Time,Average Response Time,Min Response Time,Max Response Time,Average Content Size,Requests/s,Failures/s,50%,66%,75%,80%,90%,95%,98%,99%,99.9%,99.99%,100%
GET,/api/assignments,16966,1553,170.0,293.3911506731729,3.39164199976949,14569.075692999832,535.0852882235058,889.8931788212848,81.45727376573471,170,180,190,200,260,1200,2000,2700,7800,15000,15000
,Aggregated,16966,1553,170.0,293.3911506731729,3.39164199976949,14569.075692999832,535.0852882235058,889.8931788212848,81.45727376573471,170,180,190,200,260,1200,2000,2700,7800,15000,15000
